SUL group,SUL name
ASMLRERS2019,m106.dot
ASMLRERS2019,m131.dot
ASMLRERS2019,m132.dot
ASMLRERS2019,m135.dot
ASMLRERS2019,m158.dot
ASMLRERS2019,m159.dot
ASMLRERS2019,m164.dot
ASMLRERS2019,m167.dot
ASMLRERS2019,m172.dot
ASMLRERS2019,m173.dot
ASMLRERS2019,m181.dot
ASMLRERS2019,m182.dot
ASMLRERS2019,m183.dot
ASMLRERS2019,m185.dot
ASMLRERS2019,m189.dot
ASMLRERS2019,m190.dot
ASMLRERS2019,m196.dot
ASMLRERS2019,m199.dot
ASMLRERS2019,m201.dot
ASMLRERS2019,m217.dot
ASMLRERS2019,m22.dot
ASMLRERS2019,m24.dot
ASMLRERS2019,m27.dot
ASMLRERS2019,m34.dot
ASMLRERS2019,m41.dot
ASMLRERS2019,m45.dot
ASMLRERS2019,m49.dot
ASMLRERS2019,m54.dot
ASMLRERS2019,m55.dot
ASMLRERS2019,m65.dot
ASMLRERS2019,m76.dot
ASMLRERS2019,m85.dot
ASMLRERS2019,m95.dot
Bankcard,10_learnresult_MasterCard_fix.dot
Bankcard,1_learnresult_MasterCard_fix.dot
Bankcard,4_learnresult_MAESTRO_fix.dot
Bankcard,4_learnresult_PIN_fix.dot
Bankcard,4_learnresult_SecureCode_Aut_fix.dot
Bankcard,ASN_learnresult_MAESTRO_fix.dot
Bankcard,ASN_learnresult_SecureCode_Aut_fix.dot
Bankcard,Rabo_learnresult_MAESTRO_fix.dot
Bankcard,Rabo_learnresult_SecureCode_Aut_fix.dot
Bankcard,Volksbank_learnresult_MAESTRO_fix.dot
Bankcard,learnresult_fix.dot
CoffeeMachine,coffeemachine.dot
DTLS,ctinydtls_ecdhe_cert_none.dot
DTLS,ctinydtls_ecdhe_cert_req.dot
DTLS,ctinydtls_psk.dot
DTLS,etinydtls_ecdhe_cert_none.dot
DTLS,etinydtls_ecdhe_cert_req.dot
DTLS,etinydtls_psk.dot
DTLS,gnutls-3.5.19_psk_rsa_cert_nreq.dot
DTLS,gnutls-3.6.7_all_cert_none.dot
DTLS,gnutls-3.6.7_all_cert_nreq.dot
DTLS,gnutls-3.6.7_all_cert_req.dot
DTLS,jsse-12_rsa_cert_none.dot
DTLS,jsse-12_rsa_cert_nreq.dot
DTLS,jsse-12_rsa_cert_req.dot
DTLS,mbedtls_all_cert_none.dot
DTLS,mbedtls_all_cert_nreq.dot
DTLS,mbedtls_all_cert_req.dot
DTLS,nss-3.6.7_dhe_ecdhe_rsa.dot
DTLS,openssl-1.1.1b_all_cert_none_nreq.dot
DTLS,openssl-1.1.1b_all_cert_nreq.dot
DTLS,openssl-1.1.1b_all_cert_req.dot
DTLS,pion_ecdhe_cert_none.dot
DTLS,pion_ecdhe_cert_nreq.dot
DTLS,pion_ecdhe_cert_req.dot
DTLS,pion_psk.dot
DTLS,scandium-2.0.0_ecdhe_cert_none.dot
DTLS,scandium-2.0.0_ecdhe_cert_nreq.dot
DTLS,scandium-2.0.0_ecdhe_cert_req.dot
DTLS,scandium-2.0.0_psk.dot
DTLS,scandium_latest_ecdhe_cert_none.dot
DTLS,scandium_latest_ecdhe_cert_nreq.dot
DTLS,scandium_latest_ecdhe_cert_req.dot
DTLS,scandium_latest_psk.dot
DTLS,wolfssl-4.0.0_dhe_ecdhe_rsa_cert_req.dot
DTLS,wolfssl-4.0.0_psk.dot
ESMcontroller,esm-manual-controller.dot
ESMcontroller,run1_hyp.135.obf.dot
ESMcontroller,run2_hyp.89.obf.dot
ESMcontroller,run3_hyp.101.obf.dot
Edentifier2,learnresult_new_Rand_500_10-15_MC_fix.dot
Edentifier2,learnresult_new_W-method_fix.dot
Edentifier2,learnresult_new_device-simple_fix.dot
Edentifier2,learnresult_old_500_10-15_fix.dot
Edentifier2,learnresult_old_device-simple_fix.dot
FromRhapsodyToDezyne,model1.dot
FromRhapsodyToDezyne,model2.dot
FromRhapsodyToDezyne,model3.dot
FromRhapsodyToDezyne,model4.dot
MQTT,ActiveMQ__invalid.dot
MQTT,ActiveMQ__non_clean.dot
MQTT,ActiveMQ__simple.dot
MQTT,ActiveMQ__single_client.dot
MQTT,ActiveMQ__two_client_will_retain.dot
MQTT,VerneMQ__invalid.dot
MQTT,VerneMQ__non_clean.dot
MQTT,VerneMQ__simple.dot
MQTT,VerneMQ__single_client.dot
MQTT,VerneMQ__two_client.dot
MQTT,VerneMQ__two_client_same_id.dot
MQTT,VerneMQ__two_client_will_retain.dot
MQTT,emqtt__invalid.dot
MQTT,emqtt__non_clean.dot
MQTT,emqtt__simple.dot
MQTT,emqtt__single_client.dot
MQTT,emqtt__two_client.dot
MQTT,emqtt__two_client_same_id.dot
MQTT,emqtt__two_client_will_retain.dot
MQTT,hbmqtt__invalid.dot
MQTT,hbmqtt__non_clean.dot
MQTT,hbmqtt__simple.dot
MQTT,hbmqtt__single_client.dot
MQTT,hbmqtt__two_client.dot
MQTT,hbmqtt__two_client_will_retain.dot
MQTT,mosquitto__invalid.dot
MQTT,mosquitto__mosquitto.dot
MQTT,mosquitto__non_clean.dot
MQTT,mosquitto__single_client.dot
MQTT,mosquitto__two_client.dot
MQTT,mosquitto__two_client_same_id.dot
MQTT,mosquitto__two_client_will_retain.dot
QUICprotocol,QUICprotocolwith0RTT.dot
QUICprotocol,QUICprotocolwithout0RTT.dot
SSH,BitVise.dot
SSH,DropBear.dot
SSH,OpenSSH.dot
TCP,TCP_FreeBSD_Client.dot
TCP,TCP_FreeBSD_Server.dot
TCP,TCP_Linux_Client.dot
TCP,TCP_Linux_Server.dot
TCP,TCP_Windows8_Client.dot
TCP,TCP_Windows8_Server.dot
TLS,GnuTLS_3.3.12_client_full.dot
TLS,GnuTLS_3.3.12_client_regular.dot
TLS,GnuTLS_3.3.12_server_full.dot
TLS,GnuTLS_3.3.12_server_regular.dot
TLS,GnuTLS_3.3.8_client_full.dot
TLS,GnuTLS_3.3.8_client_regular.dot
TLS,GnuTLS_3.3.8_server_full.dot
TLS,GnuTLS_3.3.8_server_regular.dot
TLS,NSS_3.17.4_client_full.dot
TLS,NSS_3.17.4_client_regular.dot
TLS,NSS_3.17.4_server_regular.dot
TLS,OpenSSL_1.0.1g_client_regular.dot
TLS,OpenSSL_1.0.1g_server_regular.dot
TLS,OpenSSL_1.0.1j_client_regular.dot
TLS,OpenSSL_1.0.1j_server_regular.dot
TLS,OpenSSL_1.0.1l_client_regular.dot
TLS,OpenSSL_1.0.1l_server_regular.dot
TLS,OpenSSL_1.0.2_client_full.dot
TLS,OpenSSL_1.0.2_client_regular.dot
TLS,OpenSSL_1.0.2_server_regular.dot
TLS,RSA_BSAFE_C_4.0.4_server_regular.dot
TLS,RSA_BSAFE_Java_6.1.1_server_regular.dot
TLS,miTLS_0.1.3_server_regular.dot
ToyModels,cacm.dot
ToyModels,lee_yannakakis_distinguishable.dot
ToyModels,lee_yannakakis_non_distinguishable.dot
ToyModels,naiks.dot
Xray_system_PCS,learnresult1.dot
Xray_system_PCS,learnresult2.dot
Xray_system_PCS,learnresult3.dot
Xray_system_PCS,learnresult4.dot
Xray_system_PCS,learnresult5.dot
Xray_system_PCS,learnresult6.dot
